排序,标题,热度,链接
1.,总书记对创新念兹在兹,,https://s.weibo.com/weibo?q=%E6%80%BB%E4%B9%A6%E8%AE%B0%E5%AF%B9%E5%88%9B%E6%96%B0%E5%BF%B5%E5%85%B9%E5%9C%A8%E5%85%B9
2.,台湾艺人带中国台湾省话题发博,239.0万,https://s.weibo.com/weibo?q=%E5%8F%B0%E6%B9%BE%E8%89%BA%E4%BA%BA%E5%B8%A6%E4%B8%AD%E5%9B%BD%E5%8F%B0%E6%B9%BE%E7%9C%81%E8%AF%9D%E9%A2%98%E5%8F%91%E5%8D%9A
3.,人人人人花人人人人,42.5万,https://s.weibo.com/weibo?q=%E4%BA%BA%E4%BA%BA%E4%BA%BA%E4%BA%BA%E8%8A%B1%E4%BA%BA%E4%BA%BA%E4%BA%BA%E4%BA%BA
4.,人大工作报告精华版,35.9万,https://s.weibo.com/weibo?q=%E4%BA%BA%E5%A4%A7%E5%B7%A5%E4%BD%9C%E6%8A%A5%E5%91%8A%E7%B2%BE%E5%8D%8E%E7%89%88
5.,教资科二,30.3万,https://s.weibo.com/weibo?q=%E6%95%99%E8%B5%84%E7%A7%91%E4%BA%8C
6.,妇女节,28.9万,https://s.weibo.com/weibo?q=%E5%A6%87%E5%A5%B3%E8%8A%82
7.,WBG,28.1万,https://s.weibo.com/weibo?q=WBG
8.,柯淳满巍明品牌代言人,,https://s.weibo.com/weibo?q=%E6%9F%AF%E6%B7%B3%E6%BB%A1%E5%B7%8D%E6%98%8E%E5%93%81%E7%89%8C%E4%BB%A3%E8%A8%80%E4%BA%BA
9.,比何以琛还好哄的人出现了,27.8万,https://s.weibo.com/weibo?q=%E6%AF%94%E4%BD%95%E4%BB%A5%E7%90%9B%E8%BF%98%E5%A5%BD%E5%93%84%E7%9A%84%E4%BA%BA%E5%87%BA%E7%8E%B0%E4%BA%86
10.,哪吒票房,电影 278318,https://s.weibo.com/weibo?q=%E5%93%AA%E5%90%92%E7%A5%A8%E6%88%BF
11.,教资 简答题,27.6万,https://s.weibo.com/weibo?q=%E6%95%99%E8%B5%84+%E7%AE%80%E7%AD%94%E9%A2%98
12.,教资科二答案,27.2万,https://s.weibo.com/weibo?q=%E6%95%99%E8%B5%84%E7%A7%91%E4%BA%8C%E7%AD%94%E6%A1%88
13.,薛凯琪发长文,演出 270663,https://s.weibo.com/weibo?q=%E8%96%9B%E5%87%AF%E7%90%AA%E5%8F%91%E9%95%BF%E6%96%87
14.,张宇回应小侯七,26.9万,https://s.weibo.com/weibo?q=%E5%BC%A0%E5%AE%87%E5%9B%9E%E5%BA%94%E5%B0%8F%E4%BE%AF%E4%B8%83
15.,泰国最受欢迎的中国女明星,26.6万,https://s.weibo.com/weibo?q=%E6%B3%B0%E5%9B%BD%E6%9C%80%E5%8F%97%E6%AC%A2%E8%BF%8E%E7%9A%84%E4%B8%AD%E5%9B%BD%E5%A5%B3%E6%98%8E%E6%98%9F
16.,装修快收尾时才发现装错了房子,26.5万,https://s.weibo.com/weibo?q=%E8%A3%85%E4%BF%AE%E5%BF%AB%E6%94%B6%E5%B0%BE%E6%97%B6%E6%89%8D%E5%8F%91%E7%8E%B0%E8%A3%85%E9%94%99%E4%BA%86%E6%88%BF%E5%AD%90
17.,蒋胜男说要促进8小时工作制执行,26.2万,https://s.weibo.com/weibo?q=%E8%92%8B%E8%83%9C%E7%94%B7%E8%AF%B4%E8%A6%81%E4%BF%83%E8%BF%9B8%E5%B0%8F%E6%97%B6%E5%B7%A5%E4%BD%9C%E5%88%B6%E6%89%A7%E8%A1%8C
18.,约基奇恐怖三双历史第一人,26.0万,https://s.weibo.com/weibo?q=%E7%BA%A6%E5%9F%BA%E5%A5%87%E6%81%90%E6%80%96%E4%B8%89%E5%8F%8C%E5%8E%86%E5%8F%B2%E7%AC%AC%E4%B8%80%E4%BA%BA
19.,薛凯琪写给方大同的话,25.7万,https://s.weibo.com/weibo?q=%E8%96%9B%E5%87%AF%E7%90%AA%E5%86%99%E7%BB%99%E6%96%B9%E5%A4%A7%E5%90%8C%E7%9A%84%E8%AF%9D
20.,蔡明惊讶李小冉也是会笑的,综艺 256997,https://s.weibo.com/weibo?q=%E8%94%A1%E6%98%8E%E6%83%8A%E8%AE%B6%E6%9D%8E%E5%B0%8F%E5%86%89%E4%B9%9F%E6%98%AF%E4%BC%9A%E7%AC%91%E7%9A%84
21.,当女性站上领奖台,25.7万,https://s.weibo.com/weibo?q=%E5%BD%93%E5%A5%B3%E6%80%A7%E7%AB%99%E4%B8%8A%E9%A2%86%E5%A5%96%E5%8F%B0
22.,被AI短片中的女性力量燃哭了,25.7万,https://s.weibo.com/weibo?q=%E8%A2%ABAI%E7%9F%AD%E7%89%87%E4%B8%AD%E7%9A%84%E5%A5%B3%E6%80%A7%E5%8A%9B%E9%87%8F%E7%87%83%E5%93%AD%E4%BA%86
23.,房东收到一笔3782元陌生转账,25.7万,https://s.weibo.com/weibo?q=%E6%88%BF%E4%B8%9C%E6%94%B6%E5%88%B0%E4%B8%80%E7%AC%943782%E5%85%83%E9%99%8C%E7%94%9F%E8%BD%AC%E8%B4%A6
24.,邓超录综艺被老人问明星什么时候来,综艺 256424,https://s.weibo.com/weibo?q=%E9%82%93%E8%B6%85%E5%BD%95%E7%BB%BC%E8%89%BA%E8%A2%AB%E8%80%81%E4%BA%BA%E9%97%AE%E6%98%8E%E6%98%9F%E4%BB%80%E4%B9%88%E6%97%B6%E5%80%99%E6%9D%A5
25.,张真源cos申公豹路透,25.6万,https://s.weibo.com/weibo?q=%E5%BC%A0%E7%9C%9F%E6%BA%90cos%E7%94%B3%E5%85%AC%E8%B1%B9%E8%B7%AF%E9%80%8F
26.,难哄这段看得我热热的,剧集 256178,https://s.weibo.com/weibo?q=%E9%9A%BE%E5%93%84%E8%BF%99%E6%AE%B5%E7%9C%8B%E5%BE%97%E6%88%91%E7%83%AD%E7%83%AD%E7%9A%84
27.,刘亦菲点赞智界R7玫瑰车,25.6万,https://s.weibo.com/weibo?q=%E5%88%98%E4%BA%A6%E8%8F%B2%E7%82%B9%E8%B5%9E%E6%99%BA%E7%95%8CR7%E7%8E%AB%E7%91%B0%E8%BD%A6
28.,有被辛巴直播间暖到,25.6万,https://s.weibo.com/weibo?q=%E6%9C%89%E8%A2%AB%E8%BE%9B%E5%B7%B4%E7%9B%B4%E6%92%AD%E9%97%B4%E6%9A%96%E5%88%B0
29.,谁懂赵丽颖这段战损奔跑的含金量,25.6万,https://s.weibo.com/weibo?q=%E8%B0%81%E6%87%82%E8%B5%B5%E4%B8%BD%E9%A2%96%E8%BF%99%E6%AE%B5%E6%88%98%E6%8D%9F%E5%A5%94%E8%B7%91%E7%9A%84%E5%90%AB%E9%87%91%E9%87%8F
30.,哪吒2距全球票房第6差1.8亿,电影 255516,https://s.weibo.com/weibo?q=%E5%93%AA%E5%90%922%E8%B7%9D%E5%85%A8%E7%90%83%E7%A5%A8%E6%88%BF%E7%AC%AC6%E5%B7%AE1.8%E4%BA%BF
31.,这是我的岛,25.5万,https://s.weibo.com/weibo?q=%E8%BF%99%E6%98%AF%E6%88%91%E7%9A%84%E5%B2%9B
32.,先做自己的女王再被世界加冕,25.5万,https://s.weibo.com/weibo?q=%E5%85%88%E5%81%9A%E8%87%AA%E5%B7%B1%E7%9A%84%E5%A5%B3%E7%8E%8B%E5%86%8D%E8%A2%AB%E4%B8%96%E7%95%8C%E5%8A%A0%E5%86%95
33.,上海的馒头已经遥遥领先了,25.5万,https://s.weibo.com/weibo?q=%E4%B8%8A%E6%B5%B7%E7%9A%84%E9%A6%92%E5%A4%B4%E5%B7%B2%E7%BB%8F%E9%81%A5%E9%81%A5%E9%A2%86%E5%85%88%E4%BA%86
34.,95后北大元培女生从金融转行做演员,25.5万,https://s.weibo.com/weibo?q=95%E5%90%8E%E5%8C%97%E5%A4%A7%E5%85%83%E5%9F%B9%E5%A5%B3%E7%94%9F%E4%BB%8E%E9%87%91%E8%9E%8D%E8%BD%AC%E8%A1%8C%E5%81%9A%E6%BC%94%E5%91%98
35.,QueenWen回来了,25.5万,https://s.weibo.com/weibo?q=QueenWen%E5%9B%9E%E6%9D%A5%E4%BA%86
36.,小侯七 张宇,25.5万,https://s.weibo.com/weibo?q=%E5%B0%8F%E4%BE%AF%E4%B8%83+%E5%BC%A0%E5%AE%87
37.,黄晓明妇女节给造城者全组女生送鲜花,25.4万,https://s.weibo.com/weibo?q=%E9%BB%84%E6%99%93%E6%98%8E%E5%A6%87%E5%A5%B3%E8%8A%82%E7%BB%99%E9%80%A0%E5%9F%8E%E8%80%85%E5%85%A8%E7%BB%84%E5%A5%B3%E7%94%9F%E9%80%81%E9%B2%9C%E8%8A%B1
38.,大家真的没什么好焦虑的,25.4万,https://s.weibo.com/weibo?q=%E5%A4%A7%E5%AE%B6%E7%9C%9F%E7%9A%84%E6%B2%A1%E4%BB%80%E4%B9%88%E5%A5%BD%E7%84%A6%E8%99%91%E7%9A%84
39.,教资,25.4万,https://s.weibo.com/weibo?q=%E6%95%99%E8%B5%84
40.,两会上的她们闪闪发光,25.4万,https://s.weibo.com/weibo?q=%E4%B8%A4%E4%BC%9A%E4%B8%8A%E7%9A%84%E5%A5%B9%E4%BB%AC%E9%97%AA%E9%97%AA%E5%8F%91%E5%85%89
41.,郑钦文下轮对阵孙璐璐,25.4万,https://s.weibo.com/weibo?q=%E9%83%91%E9%92%A6%E6%96%87%E4%B8%8B%E8%BD%AE%E5%AF%B9%E9%98%B5%E5%AD%99%E7%92%90%E7%92%90
42.,郑钦文首胜阿扎伦卡,25.4万,https://s.weibo.com/weibo?q=%E9%83%91%E9%92%A6%E6%96%87%E9%A6%96%E8%83%9C%E9%98%BF%E6%89%8E%E4%BC%A6%E5%8D%A1
43.,2025国家立法抢鲜看,25.4万,https://s.weibo.com/weibo?q=2025%E5%9B%BD%E5%AE%B6%E7%AB%8B%E6%B3%95%E6%8A%A2%E9%B2%9C%E7%9C%8B
44.,国际劳动妇女节的起源,25.3万,https://s.weibo.com/weibo?q=%E5%9B%BD%E9%99%85%E5%8A%B3%E5%8A%A8%E5%A6%87%E5%A5%B3%E8%8A%82%E7%9A%84%E8%B5%B7%E6%BA%90
45.,郑钦文2比0阿扎伦卡,25.3万,https://s.weibo.com/weibo?q=%E9%83%91%E9%92%A6%E6%96%872%E6%AF%940%E9%98%BF%E6%89%8E%E4%BC%A6%E5%8D%A1
46.,夸夸每一个她,25.3万,https://s.weibo.com/weibo?q=%E5%A4%B8%E5%A4%B8%E6%AF%8F%E4%B8%80%E4%B8%AA%E5%A5%B9
47.,smtr25练习生童年照,25.3万,https://s.weibo.com/weibo?q=smtr25%E7%BB%83%E4%B9%A0%E7%94%9F%E7%AB%A5%E5%B9%B4%E7%85%A7
48.,妇女能顶半边天,25.3万,https://s.weibo.com/weibo?q=%E5%A6%87%E5%A5%B3%E8%83%BD%E9%A1%B6%E5%8D%8A%E8%BE%B9%E5%A4%A9
49.,网红儿童不能沦为家长赚钱工具,25.3万,https://s.weibo.com/weibo?q=%E7%BD%91%E7%BA%A2%E5%84%BF%E7%AB%A5%E4%B8%8D%E8%83%BD%E6%B2%A6%E4%B8%BA%E5%AE%B6%E9%95%BF%E8%B5%9A%E9%92%B1%E5%B7%A5%E5%85%B7
50.,今年妇女节不避讳谈这些话题了,25.2万,https://s.weibo.com/weibo?q=%E4%BB%8A%E5%B9%B4%E5%A6%87%E5%A5%B3%E8%8A%82%E4%B8%8D%E9%81%BF%E8%AE%B3%E8%B0%88%E8%BF%99%E4%BA%9B%E8%AF%9D%E9%A2%98%E4%BA%86
51.,虞书欣truelove嘘国王在冬眠OST,剧集 252304,https://s.weibo.com/weibo?q=%E8%99%9E%E4%B9%A6%E6%AC%A3truelove%E5%98%98%E5%9B%BD%E7%8E%8B%E5%9C%A8%E5%86%AC%E7%9C%A0OST
52.,贺峻霖cos结界兽路透,25.2万,https://s.weibo.com/weibo?q=%E8%B4%BA%E5%B3%BB%E9%9C%96cos%E7%BB%93%E7%95%8C%E5%85%BD%E8%B7%AF%E9%80%8F
2025-03-08,金铲铲之战JOC7,,https://s.weibo.com/weibo?q=%E9%87%91%E9%93%B2%E9%93%B2%E4%B9%8B%E6%88%98JOC7
2025-03-08,小学教资科二,9.5万,https://s.weibo.com/weibo?q=%E5%B0%8F%E5%AD%A6%E6%95%99%E8%B5%84%E7%A7%91%E4%BA%8C
2025-03-08,郑钦文收获印第安维尔斯开门红,11.3万,https://s.weibo.com/weibo?q=%E9%83%91%E9%92%A6%E6%96%87%E6%94%B6%E8%8E%B7%E5%8D%B0%E7%AC%AC%E5%AE%89%E7%BB%B4%E5%B0%94%E6%96%AF%E5%BC%80%E9%97%A8%E7%BA%A2
2025-03-08,杜兰特绝平三分,9.4万,https://s.weibo.com/weibo?q=%E6%9D%9C%E5%85%B0%E7%89%B9%E7%BB%9D%E5%B9%B3%E4%B8%89%E5%88%86
2025-03-08,这是我的西游,综艺 176506,https://s.weibo.com/weibo?q=%E8%BF%99%E6%98%AF%E6%88%91%E7%9A%84%E8%A5%BF%E6%B8%B8
2025-03-08,龚俊每年都祝福大家妇女节快乐,15.1万,https://s.weibo.com/weibo?q=%E9%BE%9A%E4%BF%8A%E6%AF%8F%E5%B9%B4%E9%83%BD%E7%A5%9D%E7%A6%8F%E5%A4%A7%E5%AE%B6%E5%A6%87%E5%A5%B3%E8%8A%82%E5%BF%AB%E4%B9%90
2025-03-08,JDG对战RNGM,17.0万,https://s.weibo.com/weibo?q=JDG%E5%AF%B9%E6%88%98RNGM
2025-03-08,掘金加时战胜太阳,10.0万,https://s.weibo.com/weibo?q=%E6%8E%98%E9%87%91%E5%8A%A0%E6%97%B6%E6%88%98%E8%83%9C%E5%A4%AA%E9%98%B3
2025-03-08,没有自己房间的女孩在家中流浪,10.3万,https://s.weibo.com/weibo?q=%E6%B2%A1%E6%9C%89%E8%87%AA%E5%B7%B1%E6%88%BF%E9%97%B4%E7%9A%84%E5%A5%B3%E5%AD%A9%E5%9C%A8%E5%AE%B6%E4%B8%AD%E6%B5%81%E6%B5%AA
2025-03-08,建议部分地区先行试点父育假,204.3万阅读 | @红星新闻,https://s.weibo.com/weibo?q=%E5%BB%BA%E8%AE%AE%E9%83%A8%E5%88%86%E5%9C%B0%E5%8C%BA%E5%85%88%E8%A1%8C%E8%AF%95%E7%82%B9%E7%88%B6%E8%82%B2%E5%81%87
2025-03-08,粮食安全这根弦要始终绷紧,207.3万阅读 | @央视新闻,https://s.weibo.com/weibo?q=%E7%B2%AE%E9%A3%9F%E5%AE%89%E5%85%A8%E8%BF%99%E6%A0%B9%E5%BC%A6%E8%A6%81%E5%A7%8B%E7%BB%88%E7%BB%B7%E7%B4%A7
2025-03-08,郑钦文终结三连败,16.6万,https://s.weibo.com/weibo?q=%E9%83%91%E9%92%A6%E6%96%87%E7%BB%88%E7%BB%93%E4%B8%89%E8%BF%9E%E8%B4%A5
2025-03-08,华晨宇发妇女节祝福短信,14.4万,https://s.weibo.com/weibo?q=%E5%8D%8E%E6%99%A8%E5%AE%87%E5%8F%91%E5%A6%87%E5%A5%B3%E8%8A%82%E7%A5%9D%E7%A6%8F%E7%9F%AD%E4%BF%A1
2025-03-08,越来越多人开始和年龄和解,9.3万,https://s.weibo.com/weibo?q=%E8%B6%8A%E6%9D%A5%E8%B6%8A%E5%A4%9A%E4%BA%BA%E5%BC%80%E5%A7%8B%E5%92%8C%E5%B9%B4%E9%BE%84%E5%92%8C%E8%A7%A3
2025-03-08,QQ音乐超级巅峰之夜,音乐 132655,https://s.weibo.com/weibo?q=QQ%E9%9F%B3%E4%B9%90%E8%B6%85%E7%BA%A7%E5%B7%85%E5%B3%B0%E4%B9%8B%E5%A4%9C
2025-03-08,白鹿见缝插针给北上剧宣,剧集 123805,https://s.weibo.com/weibo?q=%E7%99%BD%E9%B9%BF%E8%A7%81%E7%BC%9D%E6%8F%92%E9%92%88%E7%BB%99%E5%8C%97%E4%B8%8A%E5%89%A7%E5%AE%A3
2025-03-08,最高法严惩偷拍窃听违法犯罪,166.0万阅读 | @新华网,https://s.weibo.com/weibo?q=%E6%9C%80%E9%AB%98%E6%B3%95%E4%B8%A5%E6%83%A9%E5%81%B7%E6%8B%8D%E7%AA%83%E5%90%AC%E8%BF%9D%E6%B3%95%E7%8A%AF%E7%BD%AA
2025-03-08,秦岭女人把小卖部改造成村中CBD,17.2万,https://s.weibo.com/weibo?q=%E7%A7%A6%E5%B2%AD%E5%A5%B3%E4%BA%BA%E6%8A%8A%E5%B0%8F%E5%8D%96%E9%83%A8%E6%94%B9%E9%80%A0%E6%88%90%E6%9D%91%E4%B8%ADCBD
2025-03-08,孙颖莎说希望所有女性都能更加自信,8.6万,https://s.weibo.com/weibo?q=%E5%AD%99%E9%A2%96%E8%8E%8E%E8%AF%B4%E5%B8%8C%E6%9C%9B%E6%89%80%E6%9C%89%E5%A5%B3%E6%80%A7%E9%83%BD%E8%83%BD%E6%9B%B4%E5%8A%A0%E8%87%AA%E4%BF%A1
2025-03-08,宋雨琦金发红唇造型,演出 135083,https://s.weibo.com/weibo?q=%E5%AE%8B%E9%9B%A8%E7%90%A6%E9%87%91%E5%8F%91%E7%BA%A2%E5%94%87%E9%80%A0%E5%9E%8B
2025-03-08,代表建议春节假再增加3至5天,206.1万阅读 | @工人日报,https://s.weibo.com/weibo?q=%E4%BB%A3%E8%A1%A8%E5%BB%BA%E8%AE%AE%E6%98%A5%E8%8A%82%E5%81%87%E5%86%8D%E5%A2%9E%E5%8A%A03%E8%87%B35%E5%A4%A9
2025-03-08,北大今年将增加150个本科名额,395.7万阅读 | @央视新闻,https://s.weibo.com/weibo?q=%E5%8C%97%E5%A4%A7%E4%BB%8A%E5%B9%B4%E5%B0%86%E5%A2%9E%E5%8A%A0150%E4%B8%AA%E6%9C%AC%E7%A7%91%E5%90%8D%E9%A2%9D
2025-03-08,丁程鑫哪吒造型路透,10.4万,https://s.weibo.com/weibo?q=%E4%B8%81%E7%A8%8B%E9%91%AB%E5%93%AA%E5%90%92%E9%80%A0%E5%9E%8B%E8%B7%AF%E9%80%8F
2025-03-08,约基奇NBA首个30分20板20助,8.2万,https://s.weibo.com/weibo?q=%E7%BA%A6%E5%9F%BA%E5%A5%87NBA%E9%A6%96%E4%B8%AA30%E5%88%8620%E6%9D%BF20%E5%8A%A9
2025-03-08,阿扎伦卡摔球拍,12.0万,https://s.weibo.com/weibo?q=%E9%98%BF%E6%89%8E%E4%BC%A6%E5%8D%A1%E6%91%94%E7%90%83%E6%8B%8D
2025-03-08,难哄小情侣重逢,10.4万,https://s.weibo.com/weibo?q=%E9%9A%BE%E5%93%84%E5%B0%8F%E6%83%85%E4%BE%A3%E9%87%8D%E9%80%A2
2025-03-08,DOU5对战ITZY,9.7万,https://s.weibo.com/weibo?q=DOU5%E5%AF%B9%E6%88%98ITZY
2025-03-08,离了张远谁还逗邓佳鑫笑,综艺 81512,https://s.weibo.com/weibo?q=%E7%A6%BB%E4%BA%86%E5%BC%A0%E8%BF%9C%E8%B0%81%E8%BF%98%E9%80%97%E9%82%93%E4%BD%B3%E9%91%AB%E7%AC%91
2025-03-08,章若楠边唱歌边说对不起,9.0万,https://s.weibo.com/weibo?q=%E7%AB%A0%E8%8B%A5%E6%A5%A0%E8%BE%B9%E5%94%B1%E6%AD%8C%E8%BE%B9%E8%AF%B4%E5%AF%B9%E4%B8%8D%E8%B5%B7
2025-03-08,白敬亭 氛围感帅哥你不懂,15.0万,https://s.weibo.com/weibo?q=%E7%99%BD%E6%95%AC%E4%BA%AD+%E6%B0%9B%E5%9B%B4%E6%84%9F%E5%B8%85%E5%93%A5%E4%BD%A0%E4%B8%8D%E6%87%82
2025-03-08,马嘉祺cos黑熊精,综艺 90971,https://s.weibo.com/weibo?q=%E9%A9%AC%E5%98%89%E7%A5%BAcos%E9%BB%91%E7%86%8A%E7%B2%BE
2025-03-08,国乒多名主力使用参赛豁免权,8.9万,https://s.weibo.com/weibo?q=%E5%9B%BD%E4%B9%92%E5%A4%9A%E5%90%8D%E4%B8%BB%E5%8A%9B%E4%BD%BF%E7%94%A8%E5%8F%82%E8%B5%9B%E8%B1%81%E5%85%8D%E6%9D%83
2025-03-08,郑钦文1比0阿扎伦卡,8.8万,https://s.weibo.com/weibo?q=%E9%83%91%E9%92%A6%E6%96%871%E6%AF%940%E9%98%BF%E6%89%8E%E4%BC%A6%E5%8D%A1
2025-03-08,严浩翔cos孙悟空路透,综艺 87716,https://s.weibo.com/weibo?q=%E4%B8%A5%E6%B5%A9%E7%BF%94cos%E5%AD%99%E6%82%9F%E7%A9%BA%E8%B7%AF%E9%80%8F
2025-03-08,布云朝克特0比2梅德韦杰夫,19.9万,https://s.weibo.com/weibo?q=%E5%B8%83%E4%BA%91%E6%9C%9D%E5%85%8B%E7%89%B90%E6%AF%942%E6%A2%85%E5%BE%B7%E9%9F%A6%E6%9D%B0%E5%A4%AB
2025-03-08,袁姗姗秀场东方美,盛典 104562,https://s.weibo.com/weibo?q=%E8%A2%81%E5%A7%97%E5%A7%97%E7%A7%80%E5%9C%BA%E4%B8%9C%E6%96%B9%E7%BE%8E
2025-03-08,黄霄雲不语只一味从地北唱回天南,演出 133143,https://s.weibo.com/weibo?q=%E9%BB%84%E9%9C%84%E9%9B%B2%E4%B8%8D%E8%AF%AD%E5%8F%AA%E4%B8%80%E5%91%B3%E4%BB%8E%E5%9C%B0%E5%8C%97%E5%94%B1%E5%9B%9E%E5%A4%A9%E5%8D%97
2025-03-08,当你被问你相信光吗,12.5万,https://s.weibo.com/weibo?q=%E5%BD%93%E4%BD%A0%E8%A2%AB%E9%97%AE%E4%BD%A0%E7%9B%B8%E4%BF%A1%E5%85%89%E5%90%97
2025-03-08,职场到底拼经验还是拼年轻,218.8万阅读 | @中国经济周刊,https://s.weibo.com/weibo?q=%E8%81%8C%E5%9C%BA%E5%88%B0%E5%BA%95%E6%8B%BC%E7%BB%8F%E9%AA%8C%E8%BF%98%E6%98%AF%E6%8B%BC%E5%B9%B4%E8%BD%BB
2025-03-08,建议优化县域教师职称机制,481.6万阅读 | @人民日报,https://s.weibo.com/weibo?q=%E5%BB%BA%E8%AE%AE%E4%BC%98%E5%8C%96%E5%8E%BF%E5%9F%9F%E6%95%99%E5%B8%88%E8%81%8C%E7%A7%B0%E6%9C%BA%E5%88%B6
2025-03-08,HYBE在法庭上用了另一天的监控,8.5万,https://s.weibo.com/weibo?q=HYBE%E5%9C%A8%E6%B3%95%E5%BA%AD%E4%B8%8A%E7%94%A8%E4%BA%86%E5%8F%A6%E4%B8%80%E5%A4%A9%E7%9A%84%E7%9B%91%E6%8E%A7
2025-03-08,尹锡悦即将获释,270.4万阅读 | @CCTV国际时讯,https://s.weibo.com/weibo?q=%E5%B0%B9%E9%94%A1%E6%82%A6%E5%8D%B3%E5%B0%86%E8%8E%B7%E9%87%8A
2025-03-08,王一珩再来一盘不是大问题,综艺 126627,https://s.weibo.com/weibo?q=%E7%8E%8B%E4%B8%80%E7%8F%A9%E5%86%8D%E6%9D%A5%E4%B8%80%E7%9B%98%E4%B8%8D%E6%98%AF%E5%A4%A7%E9%97%AE%E9%A2%98
2025-03-08,国乒WTT仁川冠军赛名单,8.1万,https://s.weibo.com/weibo?q=%E5%9B%BD%E4%B9%92WTT%E4%BB%81%E5%B7%9D%E5%86%A0%E5%86%9B%E8%B5%9B%E5%90%8D%E5%8D%95
2025-03-08,好羡慕蓝盈莹和妈妈的相处方式,10.1万,https://s.weibo.com/weibo?q=%E5%A5%BD%E7%BE%A1%E6%85%95%E8%93%9D%E7%9B%88%E8%8E%B9%E5%92%8C%E5%A6%88%E5%A6%88%E7%9A%84%E7%9B%B8%E5%A4%84%E6%96%B9%E5%BC%8F
2025-03-08,龚俊打网球好帅,8.6万,https://s.weibo.com/weibo?q=%E9%BE%9A%E4%BF%8A%E6%89%93%E7%BD%91%E7%90%83%E5%A5%BD%E5%B8%85
2025-03-08,以闪亮之名云监工直播,9.3万,https://s.weibo.com/weibo?q=%E4%BB%A5%E9%97%AA%E4%BA%AE%E4%B9%8B%E5%90%8D%E4%BA%91%E7%9B%91%E5%B7%A5%E7%9B%B4%E6%92%AD
2025-03-08,南京为育儿妇女设妈妈岗,244.9万阅读 | @扬子晚报,https://s.weibo.com/weibo?q=%E5%8D%97%E4%BA%AC%E4%B8%BA%E8%82%B2%E5%84%BF%E5%A6%87%E5%A5%B3%E8%AE%BE%E5%A6%88%E5%A6%88%E5%B2%97
2025-03-08,内娱百花齐放的美好女性,12.7万,https://s.weibo.com/weibo?q=%E5%86%85%E5%A8%B1%E7%99%BE%E8%8A%B1%E9%BD%90%E6%94%BE%E7%9A%84%E7%BE%8E%E5%A5%BD%E5%A5%B3%E6%80%A7
2025-03-08,教资考2024巴黎奥运会混合游泳接力,8.2万,https://s.weibo.com/weibo?q=%E6%95%99%E8%B5%84%E8%80%832024%E5%B7%B4%E9%BB%8E%E5%A5%A5%E8%BF%90%E4%BC%9A%E6%B7%B7%E5%90%88%E6%B8%B8%E6%B3%B3%E6%8E%A5%E5%8A%9B
2025-03-08,还有明天今日上映,14.3万,https://s.weibo.com/weibo?q=%E8%BF%98%E6%9C%89%E6%98%8E%E5%A4%A9%E4%BB%8A%E6%97%A5%E4%B8%8A%E6%98%A0
2025-03-08,周云杰说不想当网红,10.1万,https://s.weibo.com/weibo?q=%E5%91%A8%E4%BA%91%E6%9D%B0%E8%AF%B4%E4%B8%8D%E6%83%B3%E5%BD%93%E7%BD%91%E7%BA%A2
2025-03-08,唐香玉当着向太说自己是脱口秀郭碧婷,综艺 97379,https://s.weibo.com/weibo?q=%E5%94%90%E9%A6%99%E7%8E%89%E5%BD%93%E7%9D%80%E5%90%91%E5%A4%AA%E8%AF%B4%E8%87%AA%E5%B7%B1%E6%98%AF%E8%84%B1%E5%8F%A3%E7%A7%80%E9%83%AD%E7%A2%A7%E5%A9%B7
2025-03-08,倪萍爆料90岁妈妈在家喝冰可乐,综艺 90263,https://s.weibo.com/weibo?q=%E5%80%AA%E8%90%8D%E7%88%86%E6%96%9990%E5%B2%81%E5%A6%88%E5%A6%88%E5%9C%A8%E5%AE%B6%E5%96%9D%E5%86%B0%E5%8F%AF%E4%B9%90
2025-03-08,绝区零雨果,11.5万,https://s.weibo.com/weibo?q=%E7%BB%9D%E5%8C%BA%E9%9B%B6%E9%9B%A8%E6%9E%9C
2025-03-08,郑钦文vs阿扎伦卡,13.5万,https://s.weibo.com/weibo?q=%E9%83%91%E9%92%A6%E6%96%87vs%E9%98%BF%E6%89%8E%E4%BC%A6%E5%8D%A1
2025-03-08,首先你是你然后才是其他,168.9万阅读 | @潇湘晨报,https://s.weibo.com/weibo?q=%E9%A6%96%E5%85%88%E4%BD%A0%E6%98%AF%E4%BD%A0%E7%84%B6%E5%90%8E%E6%89%8D%E6%98%AF%E5%85%B6%E4%BB%96
2025-03-08,官方辟谣新疆拜城4.5级地震致3人死亡,,https://s.weibo.com/weibo?q=%E5%AE%98%E6%96%B9%E8%BE%9F%E8%B0%A3%E6%96%B0%E7%96%86%E6%8B%9C%E5%9F%8E4.5%E7%BA%A7%E5%9C%B0%E9%9C%87%E8%87%B43%E4%BA%BA%E6%AD%BB%E4%BA%A1
2025-03-08,倪萍脱口秀全程现挂炸场,综艺 117747,https://s.weibo.com/weibo?q=%E5%80%AA%E8%90%8D%E8%84%B1%E5%8F%A3%E7%A7%80%E5%85%A8%E7%A8%8B%E7%8E%B0%E6%8C%82%E7%82%B8%E5%9C%BA
2025-03-08,仁心俱乐部好细节的女性群像,剧集 118076,https://s.weibo.com/weibo?q=%E4%BB%81%E5%BF%83%E4%BF%B1%E4%B9%90%E9%83%A8%E5%A5%BD%E7%BB%86%E8%8A%82%E7%9A%84%E5%A5%B3%E6%80%A7%E7%BE%A4%E5%83%8F
2025-03-08,请查收这份特别的妇女节祝福,1669.8万阅读 | @人民日报,https://s.weibo.com/weibo?q=%E8%AF%B7%E6%9F%A5%E6%94%B6%E8%BF%99%E4%BB%BD%E7%89%B9%E5%88%AB%E7%9A%84%E5%A6%87%E5%A5%B3%E8%8A%82%E7%A5%9D%E7%A6%8F
2025-03-08,林一祝你永远灿烂明媚,12.8万,https://s.weibo.com/weibo?q=%E6%9E%97%E4%B8%80%E7%A5%9D%E4%BD%A0%E6%B0%B8%E8%BF%9C%E7%81%BF%E7%83%82%E6%98%8E%E5%AA%9A
2025-03-08,天堂旅行团,电影 142004,https://s.weibo.com/weibo?q=%E5%A4%A9%E5%A0%82%E6%97%85%E8%A1%8C%E5%9B%A2
2025-03-08,粉笔崩了,9.6万,https://s.weibo.com/weibo?q=%E7%B2%89%E7%AC%94%E5%B4%A9%E4%BA%86
